"key","es","en"
"axis_tca","TCA (Ton/Acre)","TCA (Ton/Acre)"
"soil_good","BUENO","GOOD"
"soil_rocky","ROCOSO","ROCKY"
"soil_poor_drain","MAL_DRENADO","POOR_DRAIN"
"stage_st1","ST1","ST1"
"stage_st2","ST2","ST2"
"stage_st3","ST3","ST3"
"stage_st4","ST4","ST4"
"stage_st5","ST5","ST5"
"decision_select","S","S"
"decision_witness","T","W"
"decision_reject","R","R"
"cat_elite","Perfil Élite","Elite Profile"
"cat_heavy","Pesada","Heavy"
"cat_sweet","Dulce","Sweet"
"cat_deficient","Deficiente","Deficient"
"cat_balanced","Equilibrada","Balanced"
"cat_industrial","Industrial","Industrial"
"cat_commercial","Comercial","Commercial"
"cat_precommercial","Pre-comercial","Pre-commercial"
"cat_new","Nueva","New"
"home_title","Central Romana Corporation","Central Romana Corporation"
"home_subtitle","Sistema Avanzado de Mejoramiento Genético","Advanced Breeding System"
"home_desc","Plataforma integral para planificación de cruzamientos, gestión de campo y analítica clonal.","Comprehensive platform for crossing planning, field management, and clonal analytics."
"home_kpi_cat","Variedades en Catálogo","Varieties in Catalog"
"home_kpi_flores","Parientes en KM 14","Relatives at KM 14"
"home_kpi_cruces","Cruces Planificados","Planned Crosses"
"home_kpi_st1","Clones en Campo (ST1)","Clones in Field (ST1)"
"home_shortcuts","Accesos Rápidos","Quick Access"
"home_btn_cross","Planificar Cruzamientos","Plan Crosses"
"home_btn_flower","Programa de Cartuchos","Flowering Program"
"home_btn_analytics","Captura y Analítica ST","ST Capture & Analytics"
"home_status_title","Estado del Sistema","System Status"
"home_status_db","Base de datos conectada: ","Connected database: "
"home_status_api","API de sincronización móvil en línea","Mobile sync API online"
"home_status_ebv","Modelos genéticos EBV cargados","EBV genetic models loaded"
"sel_evf_title","Evaluación de Familias (EVF)","Families Evaluation (EVF)"
"lbl_harvest_year","Año Zafra (Colecta):","Harvest Year:"
"lbl_cross_year","Año Cruce:","Cross Year:"
"btn_upload_families_excel","Cargar Excel de Familias","Upload Families Excel"
"btn_preselect","Pre-seleccionar","Pre-select"
"btn_confirm_selection","Confirmar Selección","Confirm Selection"
"lbl_sel_year","Año Sel:","Sel Year:"
"lbl_cross_year_short","Año Cru:","Cross Year:"
"lbl_soil","Suelo:","Soil:"
"btn_view_field_data","Ver Datos de Campo (API)","View Field Data (API)"
"sel_manual_upload","⚙️ Carga Manual / Excel (Admin)","⚙️ Manual Upload / Excel (Admin)"
"btn_upload_field_excel","Subir Excel de Campo","Upload Field Excel"
"btn_confirm_manual","Confirmar Carga Manual","Confirm Manual Upload"
"sel_promoted_candidates","Candidatos Promocionados desde","Candidates Promoted from"
"sel_excel_preview","Vista Previa del Excel de Campo","Field Excel Preview"
"lbl_selection_year","Año de Selección:","Selection Year:"
"lbl_experiment","Experimento:","Experiment:"
"lbl_division","División:","Division:"
"btn_update_analytics","Actualizar Analítica","Update Analytics"
"btn_download_variety_data","Descargar Datos de Variedades","Download Variety Data"
"btn_download_list","Descargar Lista","Download List"
"chart_isoproductivity"," Curvas de Isoproductividad (Arrastre para Zoom y Doble Clic para Alejar)"," Isoproductivity Curves (Drag to Zoom, Double Click to Zoom Out)"
"lbl_gradient_palette","Paleta de Gradiente:","Gradient Palette:"
"lbl_base_control","Testigo Base:","Base Control:"
"lbl_contours","Contornos:","Contours:"
"lbl_thermal_fill","Relleno Térmico","Thermal Fill"
"chart_brix_distribution"," Distribución de Brix / Calidad (Selección vs Testigos vs Rechazo)"," Brix / Quality Distribution (Selection vs Controls vs Rejection)"
"chart_top_families"," Top 10 Cruces / Familias con Más Selecciones"," Top 10 Crosses / Families with Most Selections"
"sel_variety_analytics","Analítica de Variedades","Variety Analytics"
"sel_cut_list","Lista de Corte / Selección (Material Seleccionado)","Cut List / Selection (Selected Material)"
"tab_register_sync","Registro y Sincronización","Registry and Synchronization"
"tab_variety_study","Estudio de Variedades","Variety Study"
"tab_analytics_cutlist","Analítica y Lista de Corte","Analytics and Cut List"
"sel_pipeline_mgmt","Gestión del Pipeline de Selección","Selection Pipeline Management"
"tab_field_capture_app","Captura de Campo (App)","Field Capture (App)"
"sel_filters_actions","Filtros y Acciones","Filters and Actions"
"btn_update_table","Actualizar Tabla","Update Table"
"btn_promote_st1","Promover a ST1","Promote to ST1"
"btn_delete_records","Eliminar Registros","Delete Records"
"btn_export_csv","Exportar CSV","Export CSV"
"sel_field_records","Registros de Campo — field_captures","Field Records — field_captures"
"cross_sidebar_config","Configuración","Configuration"
"cross_available_evals","Evaluaciones Disponibles","Available Evaluations"
"cross_pool_mothers","Pool de Madres:","Mothers Pool:"
"cross_plan_mode","Modo de Planificación:","Planning Mode:"
"cross_operative_sync","Operativo (Sincronización Floral)","Operative (Floral Synchronization)"
"cross_adapt_filters","Filtros de Adaptación","Adaptation Filters"
"cross_target_soil","Tipo de Suelo Objetivo:","Target Soil Type:"
"cross_model_weights","Pesos del Modelo","Model Weights"
"cross_max_inbreeding","Máxima Consanguinidad (F):","Max Inbreeding (F):"
"cross_weight_diversity","Peso: Diversidad (1-F)","Weight: Diversity (1-F)"
"cross_weight_value","Peso: Valor (FACTOR)","Weight: Value (FACTOR)"
"cross_security","Seguridad","Security"
"cross_skip_f_calc","Omitir cálculo de F","Skip F calculation"
"cross_top_n","Top N cruces:","Top N crosses:"
"btn_simulate_crosses","Simular Cruzamientos","Simulate Crosses"
"btn_export_summary","Exportar Resumen","Export Summary"
"cross_field_tools","Herramientas de Campo","Field Tools"
"cross_polycross_start","Nº Inicial Policruce:","Initial Polycross No:"
"btn_field_sheet","Hoja de Montaje","Assembly Sheet"
"cross_recommendations","Recomendaciones de Mejoramiento","Breeding Recommendations"
"tab_biparental","Biparentales","Biparentals"
"btn_register_biparental","Registrar Biparentales Seleccionados","Registrar Biparentals Seleccionados"
"btn_view_radar","Ver Análisis (Radar)","View Analysis (Radar)"
"tab_polycross","Policruces","Polycrosses"
"cross_polycross_note","El sistema utiliza un ratio de 1:2 en FLORES (mínimo 2 flores por hembra).","The system uses a 1:2 ratio for FLOWERS (minimum 2 flowers per female)."
"btn_register_polycross","Registrar Policruces Seleccionados","Registrar Polycrosses Seleccionados"
"tab_cross_registry","Registro de Cruces","Cross Registry"
"cross_register_executed","1. Registrar Cruce Ejecutado","1. Register Executed Cross"
"lbl_cross_date","Fecha del Cruce","Cross Date"
"lbl_cross_type","Tipo de Cruce:","Cross Type:"
"lbl_fuzz_grams","Gramos cosechados (Fuzz):","Harvested grams (Fuzz):"
"lbl_notes_optional","Notas (opcional):","Notes (optional):"
"btn_save_cross","Guardar Cruce","Save Cross"
"cross_registered_list","2. Cruces Registrados","2. Registered Crosses"
"btn_delete_selected","Eliminar Seleccionados","Delete Selected"
"btn_cross_sheet","Hoja de Cruces","Cross Sheet"
"tab_genetic_params","Parámetros Genéticos","Genetic Parameters"
"cross_smith_hazel_config","Configuración de Índice de Selección (Smith-Hazel)","Selection Index Configuration (Smith-Hazel)"
"cross_heritabilities","Heredabilidades (h²)","Heritabilities (h²)"
"lbl_tonnage","Tonelaje (Y):","Tonnage (Y):"
"lbl_quality","Calidad (Q):","Quality (Q):"
"lbl_health_resistance","Sanidad (Resistencia):","Health (Resistance):"
"cross_economic_weights","Pesos Económicos ($)","Economic Weights ($)"
"cross_imp_tonnage","Imp. Tonelaje:","Imp. Tonnage:"
"cross_imp_quality","Imp. Calidad:","Imp. Quality:"
"cross_imp_health","Imp. Sanidad:","Imp. Health:"
"cross_params_note","Nota: Estos parámetros definen cómo se combinan Y y Q para el Valor Agroeconómico.","Note: These parameters define how Y and Q combine for Agro-economic Value."
"mgr_top_families","Top 10 Familias Exitosas","Top 10 Successful Families"
"mgr_genetic_trend","Tendencia Genética Anual (Brix & Vigor)","Annual Genetic Trend (Brix & Vigor)"
"mgr_brix_vigor_matrix","Matriz Brix vs. Vigor — Selección Élite","Brix vs. Vigor Matrix — Elite Selection"
"mgr_disease_incidence","Incidencia de Enfermedades a Nivel Programa","Disease Incidence at Program Level"
"mgr_title","Panel Gerencial — Centro de Mando","Managerial Dashboard — Command Center"
"btn_export_pdf","Exportar Reporte PDF","Export PDF Report"
"mgr_global_filters","Filtros Globales","Global Filters"
"lbl_eval_year","Año de Evaluación:","Evaluation Year:"
"lbl_program","Programa:","Program:"
"lbl_soil_type","Tipo de Suelo:","Soil Type:"
"btn_apply_filters","Aplicar Filtros","Apply Filters"
"mgr_funnel_chart","Embudo de Selección y Tasa de Promoción","Selection Funnel and Promotion Rate"
"trz_title","Explorador de Trazabilidad Genética","Genetic Traceability Explorer"
"lbl_clone_id","ID del Clon / Variedad:","Clone / Variety ID:"
"btn_trace_history","Rastrear Historia","Trace History"
"trz_origin","Origen (Pedigrí)","Origin (Pedigree)"
"trz_current_status","Estatus Actual","Current Status"
"trz_progress","Progreso Real en el Pipeline de Selección","Actual Progress in Selection Pipeline"
"trz_offspring","Hijos (Cruces donde es progenitor)","Offspring (Crosses where is progenitor)"
"trz_analytics","Analítica Clonal de Cosecha","Harvest Clonal Analytics"
"btn_send","Enviar","Send"
"btn_clear_chat","Limpiar Chat","Clear Chat"
"ast_context","Contexto del Sistema:","System Context:"
"ast_title","Asistente IA de Mejoramiento","AI Breeding Assistant"
"arch_title","Gestor Integral de Archivos","Comprehensive File Manager"
"arch_upload","Subir Archivos Genéticos / Fenotípicos","Upload Genetic / Phenotypic Files"
"arch_viewer","Visualizador Integral de Datos","Integral Data Visualizer"
"arch_sync_all","Sincronizar Todas las Carpetas","Sync All Folders"
"arch_download_all","Descargar Datos Consolidados","Download Consolidated Data"
"tab_dashboard","Panel","Dashboard"
"tab_archivo","Archivos","Files"
"tab_asistente","Asistente IA","AI Assistant"
"tab_trazabilidad","Trazabilidad","Traceability"
"tab_gerencial","Gerencial","Managerial"
"nav_subtitle"," — Sistema de Mejoramiento"," — Breeding System"
"btn_dark_mode","🌙 Modo Oscuro","🌙 Dark Mode"
"nav_sidebar_title"," Panel de Control"," Control Panel"
"sidebar_sync"," Sincronizar Sistema"," Sync System"
"sidebar_varieties"," Variedades: "," Varieties: "
"sidebar_parentage"," Parentesco: "," Parentage: "
"sidebar_performance"," Rendimiento: "," Yield: "
"sidebar_health"," Sanidad: "," Health: "
"nav_home","Inicio","Home"
"nav_genetics","Genética","Genetics"
"nav_cross_suggest","Modo Cruzamientos","Crosses Mode"
"nav_fuzz_bank","Banco de Fuzz","Fuzz Bank"
"nav_floracion","Gestión de Floración","Flowering Management"
"nav_genealogy_viewer","Visor de Genealogía","Genealogy Viewer"
"nav_variety_status","Estado de Variedad","Variety Status"
"nav_campaign","Campaña","Campaign"
"nav_capture_analytics","Captura de Campo y Analítica","Field Capture & Analytics"
"nav_phytopathology","Fitopatología y Sanidad","Phytopathology & Health"
"nav_success_dashboard","Dashboard de Éxito","Success Dashboard"
"nav_mgmt_panel","Panel Gerencial","Managerial Panel"
"nav_intelligence","Inteligencia Analítica","Analytical Intelligence"
"nav_admin","Administración","Administration"
"nav_field_assistant","Asistente de Campo","Field Assistant"
"nav_master_files","Archivo Maestro y Descargas","Master Files & Downloads"
"dlg_confirm_sync_title","Confirmar Sincronización","Confirm Sync"
"dlg_confirm_sync_text","¿Seguro que desea cargar datos históricos de Excel al sistema? (Esta operación puede tardar)","Are you sure you want to load historical data from Excel? (This may take a while)"
"btn_cancel","Cancelar","Cancel"
"btn_sync","Sincronizar","Sync"
"msg_syncing","Sincronizando Archivos Excel...","Syncing Excel Files..."
